BGGId,Name,Description,YearPublished,GameWeight,AvgRating,BayesAvgRating,StdDev,MinPlayers,MaxPlayers,ComAgeRec,LanguageEase,BestPlayers,GoodPlayers,NumOwned,NumWant,NumWish,NumWeightVotes,MfgPlaytime,ComMinPlaytime,ComMaxPlaytime,MfgAgeRec,NumUserRatings,NumComments,NumAlternates,NumExpansions,NumImplementations,IsReimplementation,Family,Kickstarted,ImagePath,Rank:boardgame,Rank:strategygames,Rank:abstracts,Rank:familygames,Rank:thematic,Rank:cgs,Rank:wargames,Rank:partygames,Rank:childrensgames,Cat:Thematic,Cat:Strategy,Cat:War,Cat:Family,Cat:CGS,Cat:Abstract,Cat:Party,Cat:Childrens
1,Die Macher,die macher game seven sequential political race different region germany player charge national political party manage limited resource help party victory win party victory point regional election different way score victory point regional election supply eighty victory point depend size region party second party win regional election medium influence region party receive mediacontrol victory point party national party membership grow game progress supply fair number victory point lastly party score victory point party platform match national opinion end gamethe   edition feature party old west germany support   player   edition support player reunite germany update feature rule     edition support player add short fiveround variant additional rule update original designer,1986,4.3206,7.61428,7.10363,1.57979,3,5,14.366666666666667,1.3958333333333333,5,"['4', '5']",7498,501,2039,761,240,240,240,14,5354,0,2,0,0,0,Classic Line (Valley Games),0,https://cf.geekdo-images.com/rpwCZAjYLD940NWwP3SRoA__original/img/yR0aoBVKNrAmmCuBeSzQnMflLYg=/0x0/filters:format(jpeg)/pic4718279.jpg,316,180,21926,21926,21926,21926,21926,21926,21926,0,1,0,0,0,0,0,0
2,Dragonmaster,dragonmaster tricktaking card game base old game call coup dtat player give supply plastic gem represent point player dealer different hand slightly different goal hand card deal dealer decide hand good suit current card player penalize point form crystal take certain trick card instance quotfirstquot quotlastquot call player penalize take trick player chance dealer hand player steal opportunity take trick certain hand end big pile gem win gamejewel content clear   extra green   extra red   extra blue   extra,1981,1.963,6.64537,5.78447,1.4544,3,4,,27.0,0,[],1285,72,191,54,30,30,30,12,562,0,0,0,2,1,,0,https://cf.geekdo-images.com/oQYhaJx5Lg3KcGis2reuWQ__original/img/owag4VgJDPyPt2ciYB9Hc5l4GnQ=/0x0/filters:format(jpeg)/pic4001505.jpg,3993,1577,21926,21926,21926,21926,21926,21926,21926,0,1,0,0,0,0,0,0
3,Samurai,samurai set medieval japan player compete gain favor faction samurai peasant priest represent helmet rice paddy buddha figure scatter board feature island japan competition wage use hexagonal tile help curry favor faction mdash player lightningquick strike horseback ronin ship approach conquest methodically figure helmet rice paddy buddha surround award player gain favor corresponding groupgameplay continue symbol type remove board figure remove play tie influenceat end game player compare capture symbol type compete majority type tie uncommon break base number quotnonmajorityquot symbol player collectedthe game call knizia tilelaye trilogy,1998,2.4859,7.45601,7.23994,1.18227,2,4,9.307692307692308,1.0,3,"['2', '3', '4']",15578,799,3450,1451,60,30,60,10,15146,0,6,0,1,0,Euro Classics (Reiner Knizia),0,https://cf.geekdo-images.com/o9-sNXmFS_TLAb7ZlZ4dRA__original/img/TPKZgpNxB_C73RNbhKyP6UR76X0=/0x0/filters:format(jpeg)/pic3211873.jpg,224,166,21926,21926,21926,21926,21926,21926,21926,0,1,0,0,0,0,0,0
4,Tal der Könige,triangular box luxurious large block tal der koumlnige german quotvalley kingsquot tell game design beautiful functional   object game build pyramid different color block   pyramid score point color hard consistently outbid player necessary block   game pharoah pyramid center complete build block player nt use course gamefinal round   hippodice spieleautorenwettbewerb,1992,2.6667,6.60006,5.67954,1.23129,2,4,13.0,256.0,0,[],638,54,123,30,60,60,60,12,340,0,0,0,0,0,,0,https://cf.geekdo-images.com/nYiYhUlatT2DpyXaJqXK3w__original/img/2NNluROL0K_q4H8yMxIyoiHXnxc=/0x0/filters:format(jpeg)/pic285299.jpg,5345,21926,21926,21926,21926,21926,21926,21926,21926,0,0,0,0,0,0,0,0
5,Acquire,acquire player strategically invest business try retain majority stock   business grow tile placement start merge give majority stockholder acquire business sizable bonus reinvest chain   investor acquire company cash stock current value trade share newer large business   game race acquire great wealthhistory acquire sid sackson classic take different form year depend publisher rule game play stay   version m bookshelf edition include rule player variant original version m bookshelf seriesmany book website incorrectly list   publication m company previously copyright artwork release game   m actually receive idea game quotvacationsquot sid sackson   decide idea artwork develop year game call quotacquirequot ms original game idea game call acquire good decide sid idea vacation concept acquire release limited test market game   midwestern city december   box   copyright game sid original rule m release mass market game   take liberty sid original idea change rule game play match production desire release outer box copyright   inner box rule date december    test market world map wood tile edition   date   wood tile chipboard plastic overlay amp stock print back   date   plastic tile chipboard plastic overlay amp stock print back edition print back    date   plastic tile chipboard plastic overlay amp nonwax coat stock edition stock   date   plastic tile clear plastic board paper underlay   inner box game lot mixed part   date   plastic tile yellow hard plastic board   m sell right game acquire avalon hill company   date   plastic tile yellow hard plastic board redesign money inner box edition produce            amp    date   gray box edition new box artwork content regular   edition edition produce    date   large box cardboard edition chipboard board tile special power variant tile inspire german edition   avalon hill sell right game acquire hasbro   date   large box large plastic board tile d company building redesign stock amp money large info card   hasbro assign right game acquire subsidiary wizard coast   lloyd rule acquire public major rule change help bring balance game acquire   intention sid sackson original idea    date   cardboard edition chipboard board amp tile redesign stock amp money   date   current affordable massmarket edition look sight similar previous modern edition criticise use inferior design choice hardtoread greyongrey emboss slot unusual tile font contain modify rule slightly small playing grid change criticise ultimately improve sackson original design generally regard damaging,1964,2.5031,7.33861,7.14189,1.33583,2,6,11.41025641025641,21.152941176470588,4,"['3', '4', '5']",23735,548,2671,1606,90,90,90,12,18655,0,6,2,0,0,3M Bookshelf,0,https://cf.geekdo-images.com/3C--kJRhi6kTPHsr9dNaWw__original/img/WeRigNSL9w0EP12b2EJfpHoh4M0=/0x0/filters:format(jpeg)/pic3299296.jpg,290,220,21926,21926,21926,21926,21926,21926,21926,0,1,0,0,0,0,0,0
6,Mare Mediterraneum,ancient land mediterranean player attempt satisfy unique victory condition trade war construction   lavishly produce game contain ton wooden game component beautiful rollout vinyl map   player produce score different commodity trade city hope create income fill capital building produce artwork fill warehouse good,1989,3.0,6.5537,5.54614,1.6535,2,6,13.0,262.0,0,[],128,34,54,7,240,240,240,12,81,0,0,0,0,0,,0,https://cf.geekdo-images.com/277POF80AUz2ZE9XSApyDg__original/img/hQCIS_adSN2LfBgUCsEpJ6CsPVQ=/0x0/filters:format(jpeg)/pic28424.jpg,10766,21926,21926,21926,21926,21926,21926,21926,21926,0,0,0,0,0,0,0,0
7,Cathedral,cathedral player set piece different color piece shape building cover square unit player take single neutral cathedral piece place board player alternate place building board player place building player capture territory surround area occupy opponent neutral building capture piece remove capture territory offlimits opponent player few square unit building nt place win,1978,1.795,6.52083,6.13713,1.32963,2,2,8.142857142857142,51.0,0,[],6021,101,589,278,20,20,20,8,3320,0,5,0,0,0,,0,https://cf.geekdo-images.com/LAzZ0q7ok2x92yQxj1tS2A__original/img/sfRg4rfnuSQ8KssBk7AJFdTfMCw=/0x0/filters:format(jpeg)/pic6458581.jpg,1969,21926,137,21926,21926,21926,21926,21926,21926,0,0,0,0,0,1,0,0
8,Lords of Creation,interesting offering warfrog player god seek dominate world follower   game involve construct game board player turn card determine new people appear type terrain inhabit   tribe start barbarian soon calming effect civilization settle marauding band civilized tribe score long attack   civilize player follower   sure give opponent point follower wo nt come,1993,2.4,6.10716,5.56602,1.32872,2,5,,126.0,0,[],534,21,56,15,120,120,120,12,201,0,0,0,0,0,,0,https://cf.geekdo-images.com/-pwShxFPJWrxye8o193e-w__original/img/QVz5wc68n_jsB3OcsANsZdZLpw0=/0x0/filters:format(jpeg)/pic374320.jpg,9144,21926,21926,21926,21926,21926,21926,21926,21926,0,0,0,0,0,0,0,0
9,El Caballero,refer sequel el grande el caballero share aspect namesake fun intense brainburner player explore attempt control land waterway new worldthe player follow columbus explore island discover player slowly explore island ndash pick place land tile favorable ndash discover wealth form gold fish learn land sea area new land position caballero try maintain control important region castillo measure protection ship allow establish trade fish food success measure size land sea area control success measure twice end score sum winner declare,1998,3.1824,6.45265,5.9229,1.43335,2,4,11.777777777777779,1.1111111111111112,3,"['2', '3', '4']",2611,87,311,148,90,90,90,13,1389,0,1,0,0,0,El Grand,0,https://cf.geekdo-images.com/lWotCtplnl0sI3bS_jF3-Q__original/img/lpPExjqfY9fpRvaqnlhVkhKPoqU=/0x0/filters:format(jpeg)/pic1731731.jpg,2948,1297,21926,21926,21926,21926,21926,21926,21926,0,1,0,0,0,0,0,0
10,Elfenland,elfenland redesign original white wind game elfenroad   game set mythical world elf   group fledgling elve player charge visit elfencitie course   round   accomplish task use form transportation giant pig elfcart unicorn raft magic cloud trollwagon dragonsgameplay   player begin elf capitol draw face movement tile deal transport card secret home city card reach end th round lose point city space away home end game marker player color place city board collect player visit city count   point        round proceed   stage   round consist drawing tile show differ type transport raft combination face face tile player nt like   tile face draw blind face tile hope need   transport tile need match transportation card hand use effectively   player total   tile turn place tile road run elf city   transport tile place road player use player tile travel matching card hand   frequently cause readjustment plan travel route player tile allow far short think   player play tile help hinder play slow mode transport player perceive patheach mode transport certain terrain travel quickly slowly list transportation card number terrain symbol   number terrain symbol equal matching card play give tile give terrain   example magic cloud tile place mountain magic cloud card travel   mountain symbol card mean magic cloud fast mountain tile place road forest terrain require   magic cloud card travel route   forest symbol card mean magic cloud slow forest   magic cloud travel desert terrain desert symbol card mode transport different raft river lake need tile raft slow upstream   raft card need fast downstream   card need   small lake require   raft card travel large lake require   card travel   player unused transport counter   transportation card round nextthe second round begin player finish place transportation tile round   player play card move elfboot board collect token city visit   transport tile route player match transportation card caravan play   transportation card handas bit player trouble tile place transportation tile round   counter mean order travel path additional card transport type play   card caravanvictory end round   player visit   city winner   game end round   home city reveal player subtract point city away home subtract collect city token   person high score win,1998,2.1578,6.69695,6.47733,1.25365,2,6,8.194444444444445,26.0,4,"['3', '4', '5', '6']",10115,179,759,697,60,60,60,10,8324,0,1,6,3,1,Elfenroads,0,https://cf.geekdo-images.com/Ea4jN5Ko5bPrXrU_AYhhzg__original/img/DEi0SFU6mAMZYycGTEJAV4ZBRVw=/0x0/filters:format(jpeg)/pic1798136.jpg,1117,21926,21926,308,21926,21926,21926,21926,21926,0,0,0,1,0,0,0,0
11,Bohnanza,bohnanza bohnanza family game publish different editionsin game plant harvest bean card order earn coin player start hand random bean card card number correspond number type bean deck unlike card game nt rearrange order card hand use order ve pick deck mdash trade player heart gameon turn plant card hand quotfieldsquot field hold type bean plant type bean s field harvest field room new arrival usually nt good reveal card deck trade card card hand card player future promise card receive right trading complete mdash trade turn involve active player mdash end turn draw card deck place handwhen harvest bean receive coin base number bean card field quotbeanometerquot particular type bean flip   card field transform coin place remainder card discard pile deck run shuffle discard play deck time end game harvest field earn coin winsthe original german edition support   player english version rio grande game come edition german expansion include slightly oversized box difference content bean s weinbrandbohne brandy bean replace wachsbohne wax bean edition include rule seven player like erweiterungsset adapt twoplayer rule al cabohne order allow people play bohnanza,1997,1.6751,7.04068,6.93413,1.29308,2,7,8.421052631578947,6.057553956834532,5,"['3', '4', '5', '6']",59803,362,2676,2822,45,45,45,13,39886,0,20,27,11,0,Bean Games (Lookout),0,https://cf.geekdo-images.com/8SADtu_4zBH_UJrCo935Iw__original/img/RNuAr2CDbxE3XzeJVkxj4Df3eVM=/0x0/filters:format(jpeg)/pic6348964.jpg,468,21926,21926,116,21926,21926,21926,21926,21926,0,0,0,1,0,0,0,0
12,Ra,ra auction setcollection game ancient egyptian theme   turn player able purchase lot tile bidding tile sun   player sun player continue likewise set situation single uncontested player bidding tile end round occur   tension build round end player chance win lot epoch   tile immediate point prevent negative point have certain type end round epoch point final round   game last quotepochsquot round   game offer short learning curve experienced player find fastmove quick playfrom boxthe game span   year egyptian history hourthe player seek expand power fame way accomplish influence pharaohs building monument farm nile pay homage god advance technology culture people ra auction set collect game player choose risk great reward glory sun god ra,1999,2.3498,7.47924,7.31019,1.33683,2,5,9.6,11.081395348837209,3,"['3', '4', '5']",19094,1238,4798,1764,60,45,60,12,19685,0,4,0,3,0,Alea Big Box,0,https://cf.geekdo-images.com/1m3z3iX0iVtII8AEMuWOeA__original/img/ksL-5e9Bw-ognDVyAB8C4fjLZhY=/0x0/filters:format(jpeg)/pic3013552.jpg,186,138,21926,21926,21926,21926,21926,21926,21926,0,1,0,0,0,0,0,0
13,Catan,catan settler catan player try dominant force island catan build settlement city road turn dice roll determine resource island produce player build spend resource sheep wheat wood brick ore depict resource card land type exception unproductive desert produce specific resource hill produce brick forest produce wood mountain produce ore field produce wheat pasture produce sheepsetup includes randomly place large hexagonal tile show resource desert honeycomb shape surround water tile contain port exchange number disk correspond die roll sided dice place resource tile player give settlement think house road stick turn place intersection border resource tile player collect hand resource card base hex tile lastplace house adjacent robber pawn place desert tilea turn consist possibly play development card roll dice collect resource card base roll position house upgrade citiesmdashthink hotel   roll turn resource card possible desire improvement trading card port trading resource card player   roll active player move robber new hex tile steal resource card player build structure adjacent tilepoint accumulate build settlement city have long road large army development card gather certain development card simply award victory point player gather   point hold secret announce total claim wincatan win multiple award popular game recent history amazing ability appeal experienced gamer new hobbydie siedler von catan originally publish kosmo go multiple edition license mayfair undergo edition settler catan   formally rename catan well represent core base game catan series republish travel edition portable edition compact edition special gallery edition replace   family edition anniversary wooden edition deluxe d collector edition basic simply catan beginner version entirely new theme japan asia settler catan rockman edition numerous spinoff expansion game,1995,2.3139,7.13746,6.97148,1.48183,3,4,8.8,27.030395136778115,4,"['3', '4']",165651,484,5865,7508,120,60,120,10,107141,0,59,88,29,0,Catan,0,https://cf.geekdo-images.com/W3Bsga_uLP9kO91gZ7H8yw__original/img/xV7oisd3RQ8R-k18cdWAYthHXsA=/0x0/filters:format(jpeg)/pic2419375.jpg,427,409,21926,129,21926,21926,21926,21926,21926,0,1,0,1,0,0,0,0
14,Basari,basari game gem merchant compete marketplacequot racing collect trading predict merchant doto start game player receive   gemstone     color turn movement phase action phasefor movement simultaneously roll die move marker trackthey choose different action perform action variety gem market stall   immediately score     point   roll collect pointsthe action card reveal simultaneously   player choose particular action simply perform action   player choose action barter forth gemstone player eventually accept offer gem action     player choose action card action cancel note player game conflict choice   action negotiating go ona new turn begin roll die move choose reveal action card merchant piece complete lap board round end bonus point award base majority gem color complete lap round game high score winsreimplemente      edel stein   reich,1998,1.8571,6.75682,6.12462,1.22699,3,4,10.0,16.0,4,"['3', '4']",1898,47,204,182,25,25,25,10,1650,0,1,0,2,0,,0,https://cf.geekdo-images.com/TFsXHCy5o7paWDX2RqHkZA__original/img/j5BnK3mj-9oxq_qxRgSTJzVVQ08=/0x0/filters:format(jpeg)/pic147370.jpg,2015,1000,21926,552,21926,21926,21926,21926,21926,0,1,0,1,0,0,0,0
15,Cosmic Encounter,request fantasy flight games board game geek list edition cosmic encounter separate entry edition game core feature compatible expansion production differ entry original   eon versionplayer represent alien race seek spread foreign world   accomplish challenge player enlist aid interested party   alien power unique race player way bend outright break rule gamethe game continue player occupy planet system win shared victory possible player need occupy one system win,1977,2.3747,6.91053,6.4313,1.82343,2,6,10.555555555555555,18.285714285714285,4,"['4', '5', '6']",4326,122,462,427,90,90,90,12,3883,0,5,11,4,0,Cosmic Encounter,0,https://cf.geekdo-images.com/-h1dJq8he4yvRG7rRzF-nQ__original/img/Acu3-TEjeRexlWAGcp1vwYV9et4=/0x0/filters:format(jpeg)/pic428608.jpg,1190,723,21926,21926,308,21926,21926,21926,21926,1,1,0,0,0,0,0,0
16,MarraCash,take role shop owner moroccan marketplace player buy shop colorcode tourist form neat little wooden people hat start show entry gate player likecolored shop earn money opponent shop share profit tourist place board player big bankroll take victory game combine great auction element spatial relationship appealing overall effectcontent    game board    blue auction stone    counter sheet         shop sign   ali anfa omar leila           player aid card   plastic stand pawn   quotvisitorsquot   yellow   red blue green purple game card quotsouvenirsquotmoney different value       dirham,1996,2.1505,6.83223,5.99028,1.19579,3,4,12.0,381.14285714285717,0,[],1196,111,218,93,60,60,60,12,964,0,0,0,1,0,,0,https://cf.geekdo-images.com/MG02VVqE39lZZdOgtJU0mg__original/img/8ORCptrP1isD69HfHLq_C9tWnh0=/0x0/filters:format(jpeg)/pic573942.jpg,2575,1145,21926,21926,21926,21926,21926,21926,21926,0,1,0,0,0,0,0,0
17,Button Men,game gain quick following major gaming convention    feature character represent actual stickpin button unique allowance polyhedral dice   dice endow   character fairly unique combat ability   player roll dice opponent dice casualty   object game die side combat   simple inventive deep,1999,1.527,6.37009,5.7612,1.51213,2,2,8.666666666666666,11.0,0,[],1346,39,150,74,5,5,5,10,804,0,16,0,4,1,,0,https://cf.geekdo-images.com/RHhz745U6a5ZSsfXHuyqFw__original/img/7szsaVrkei4B2CCBekJT3aShtNY=/0x0/filters:format(jpeg)/pic59279.jpg,4220,21926,21926,21926,21926,122,21926,21926,21926,0,0,0,0,1,0,0,0
18,RoboRally,robot robo rally automobile factory spend weekday toil assembly line hard hour building highspeed supercar action saturday night factory world mad machine dangerous scheme robot engage epic raceit take speed wit dirty trick racing legend player choose robot direct move play card chaos ensue player reveal card ve choose player face obstacle like industrial laser gape pit move conveyor belt   advantage player aim checkpoint numerical order player reach checkpoint win source httpavalonhillwizardscomgamesroborallycomingsoonin roborally player control different robot race dangerous factory floor goal place board navigate robot specific order board combine different way accommodate different player count race long short player desirein general player fill robot quotregistersquot facedown movement card happen simultaneously time element involve nt act fast force place card randomly fill rest start register reveal card card high number move resolve movement reveal card example movement card turn   degree leave right forward   space backward   space big variety plan perfect route robot run push course disastrous nt reprogram card fix itrobot fire laser factory element resolve movement robot damage damage certain movement card fix long change destroy entirely robot claim goal correct order win award point play tournament stylethe game reprint avalon hill hasbrowotc,1994,2.4302,7.07714,6.93168,1.53897,2,8,9.976190476190476,17.556962025316455,5,"['3', '4', '5', '6', '7', '8']",26283,522,2730,1727,120,45,120,12,22840,0,1,5,1,0,,0,https://cf.geekdo-images.com/eJx8hRJ6-86C2VrhECwEPA__original/img/-9I8B82hDOO1n0h9urwZUdz6bqc=/0x0/filters:format(jpeg)/pic1000553.jpg,473,359,21926,21926,157,21926,21926,21926,21926,1,1,0,0,0,0,0,0
19,Wacky Wacky West,long time ago village far far away disturbed townsfolk decide destroy entire town order rid evil menace technically dogmouse think idiomatic thing   villager rebuild building town include precious outhouse forget include city wall river road   rectify player lay tile thing board building catch underneath automatically eliminate outhouse   outhouse destroy player vote place particular section   player try retain type building piece place winner person highest value building standingwacky wacky west remake descriptionfan klaus teuber interested remakeredesign drunter und druumlber   spiel des jahre winnerjust south s junction mayfair amp rossdorf rr turvy trunk line spring desert like tumbleweed lie eccentric little town rossdorf like western town rossdorf land agent guy dough brother wicked varmint black benny shrewd opportunist guy sell town land ceptin outhouse time acre town ai nt get outhouse own miner railroad fort captain year ago miner dig shadow fort rossdorf strike mother lode nt gold nt silver friend little spring ordinary spring torrent mindmarbling drink local quotwacky waterquot water sun wind nt landholder brave matter hand ll use mean bowl competition lie claim fertile spot leave town thing stoppin em town charter amendment   state quotno landholder remove detonate outhouse majority vote town citizensquot thing sure something gon na stink rossdorf purty darn soonin wacky wacky west fellow townfolk place track tile street tile river tile hope destroy rival building time try build precious outhouse town vote try enlist supporter represent card vote stop encourage play certain tilesperhap save building take dastardly opponent,1991,1.8365,6.29107,5.89185,1.23482,2,4,8.222222222222221,1.5714285714285714,0,[],3255,49,146,159,45,30,45,9,1791,0,2,0,0,0,,0,https://cf.geekdo-images.com/Jc9Is7OyYz0NdWN_CDBi5g__original/img/XmlNNTdyuc3L-TIV2xbSda54ldw=/0x0/filters:format(jpeg)/pic786075.jpg,3111,21926,21926,914,21926,21926,21926,21926,21926,0,0,0,1,0,0,0,0
20,Full Metal Planète,game science fiction strip mining player land planet try grab ore possible game   player tank boat barge mining equipment base ship disposal contend weather miner   game use action point allowance system dice free   player turn pool point divide variety way put point unit movement divide unit   turn time player think quickly retract   game beautifully detailed hex grid real metal miniature unitsonline play      metal galaxy     metal program     vassal modulereimplemente     metal conqute twoplayer versionexpande     metal planete plateau modulairemicrobadge   metal planegravete fan   buy,1988,3.1639,7.48874,6.06722,1.53975,2,4,11.333333333333334,91.57142857142857,0,[],982,160,319,61,90,90,90,12,726,0,0,1,1,0,,0,https://cf.geekdo-images.com/X6ExuMeF_c5xjPQrbEo0Cw__original/img/LlXcdIPs6kgoOpArORy2ymYU02M=/0x0/filters:format(jpeg)/pic451783.jpg,2231,1040,21926,21926,21926,21926,21926,21926,21926,0,1,0,0,0,0,0,0
21,Gateway to the Stars,x game explore expand exploit exterminate line stellar conquest player control space fare empire move star system explore conquer,1994,3.0,5.5,5.49908,1.63936,1,7,,493.0,0,[],97,1,15,5,0,0,0,12,32,0,0,0,0,0,,0,https://cf.geekdo-images.com/kK61hx1j0HmMp9kuEZEfmg__original/img/87kF2NoOXGN54six4TO50zqkD-Y=/0x0/filters:format(jpeg)/pic1615146.jpg,18027,21926,21926,21926,21926,21926,21926,21926,21926,0,0,0,0,0,0,0,0
22,Magic Realm,nd edition rulebook intro magic realmmagic realm game fantasy adventuring set land fill monster fabulous treasure great warrior magician scene set ruin mighty kingdom inhabit sparse group native swarm monster beneath rich remnant magical civilization scatter lose mapto scene come adventurer seeker rich fame promising field swordsman dwarf magician sorceror human halfhuman come seek loot legendary rich lost civilization play adventurer step unknown realm magic monster battle treasuresas player role sixteen major character represent detail game control go try handle combat course game run deadly monster tribe human range old friend swear enemy treasure enhance ability waysmagic realm complex game design recapture suspense desperate struggle fantasy literature game create small complete fantasy world game new adventure new map lie hide new location game include play piece actually single playing additional piece set appear depend direction character explore treasure trove treasure spell set unfound game end monster native meet result extremely unpredictable game surprise game play differently time playedthe complete game system include hike hiding search fatigue wound rest trade hire native combat character monster native variety weapon horseback afoot magical effectsbetween explore new land mountain cave valley wood change game know find place find game new unpredictable adventure fill surprise find like board game playedavalon hill complexity rating   list article magic realm general,1979,4.5277,7.21002,6.35327,1.97299,1,16,14.142857142857142,23.357142857142858,3,"['1', '2', '3', '4', '5', '6']",3891,459,1528,379,240,240,240,12,2019,0,1,0,1,0,,0,https://cf.geekdo-images.com/X-wQkavJHlZaUqlL1ClEsA__original/img/VSzycwqmBGWE5aDokPi1aR57WUo=/0x0/filters:format(jpeg)/pic148345.jpg,1350,763,21926,21926,278,21926,21926,21926,21926,1,1,0,0,0,0,0,0
23,Divine Right,divine right fantasy board game game wizard tsr combine combat diplomacy roleplay   hour fastpaced action player attempt build hold alliance king long defeat player win game kingdom human elve goblin dwarf troll pawn power game absolute monarchs play ambassador vie attention king favor curry assassination backstabbing popular pastime loyal ally leave heat battle drop hat   die magician arcane finger thing god intervene situation demand skill luckthe box contain rule book fullcolor mapsheet   diecut counter dice cardsmdashdescription publisherexpande     divine right scarlet empire,1979,3.1781,7.13465,5.83517,1.61854,2,6,14.0,8.4,0,[],1119,145,336,73,360,360,360,12,563,0,1,2,0,0,,0,https://cf.geekdo-images.com/LXe8fV_o-sf1IQNz4Ohalg__original/img/U7sM0JQtQjfNFMSNUj4e4TZAQ28=/0x0/filters:format(jpeg)/pic1440309.jpg,3538,21926,21926,21926,584,21926,451,21926,21926,1,0,1,0,0,0,0,0
24,Twilight Imperium,sprawl game space fare race dominate know space game combine number element game system unique package hex tile create game board player begin race unique power game focus heavily political voting phase web trade agreement playerspart twilight imperium series   familyexpande     twilight imperium borderland     twilight imperium distant sun     twilight imperium twilight armada     twilight imperium outer rimreimplemente     twilight imperium second edition     twilight imperium edition     twilight imperium fourth edition,1997,3.4906,6.62609,5.79383,1.68174,2,6,12.0,,0,[],862,30,105,53,240,240,240,12,695,0,0,3,1,0,Twilight Imperiu,0,https://cf.geekdo-images.com/4CEaXqehBHS4JCPGMDfnsg__original/img/hlBKez79K3my9EIFynxty5iwTCA=/0x0/filters:format(jpeg)/pic857.jpg,3892,21926,21926,21926,645,21926,21926,21926,21926,1,0,0,0,0,0,0,0
25,Battlemist,fantasy relative twilight imperium player control race juggle military economic concern quest gather magical star spread land   game board hex tile player use resource system similarity settler catan   card drive system resolve player questsexpande     battlemist sail warreimplemente     runewar,1998,3.2,5.92531,5.55843,1.45262,2,6,14.0,289.0,0,[],681,16,56,20,200,200,200,12,322,0,0,1,1,0,,0,https://cf.geekdo-images.com/2ouk0jwg4T38K_PrALpSjQ__original/img/DQFxuBlKb-ExHmLljfuF8wYWjII=/0x0/filters:format(jpeg)/pic4222282.jpg,9670,21926,21926,21926,988,21926,2336,21926,21926,1,0,1,0,0,0,0,0
26,Age of Renaissance,game describe semisequel civilizationplayer attempt build culture middle age renaissance period game feature card deck hold event payout card famous leader particular era card turn game timing position play crucial ensure different game timethe main goal citystate gain point form technical advance keep culture misery level low possible payout structure similar civilization advanced civilization resource type yield increasingly high payout time particular payout trigger card play player ingenious smooth working ldquocombatrdquo system implement determine province ndash resource   control,1996,3.8598,7.09678,6.34875,1.7436,3,6,13.333333333333334,38.75,5,"['4', '5', '6']",2869,146,391,271,300,120,300,12,2144,0,2,0,0,0,,0,https://cf.geekdo-images.com/hNg-cufowH-csaTfzC_nPw__original/img/FXsJRqYH2tFltJrLqSlWdoZaJs8=/0x0/filters:format(jpeg)/pic5682587.jpg,1356,742,21926,21926,21926,21926,21926,21926,21926,0,1,0,0,0,0,0,0
27,Supremacy: The Game of the Superpowers,supremacy pit conventional superpower control earth   line modern warfare risk integrate supplydemand economic system   warfare come form conventional biological chemical way nuclear   neat little plastic mushroom cloud include region earth blast nuclear winter occur player lose   game spawn great supplement expand game,1984,3.1271,5.65347,5.50941,2.01913,2,6,14.666666666666666,2.5,0,[],2311,47,131,118,340,340,340,12,1334,0,2,16,0,0,Supremacy,0,https://cf.geekdo-images.com/DEX9Es2Bh_SoByJDo6q5zQ__original/img/aMAloVD05yHWIsTEFfobzkEPxX4=/0x0/filters:format(jpeg)/pic368339.jpg,16375,21926,21926,21926,21926,21926,3457,21926,21926,0,0,1,0,0,0,0,0
28,Illuminati,classic steve jackson game world domination player secret society attempt spread tendril special interest group world late edition come additional card reworked graphic bring venerable game datereissue     illuminati small plastic box   black white card paper moneyexpansion     illuminati yk     illuminati brainwash rework illuminati expansion set      illuminati bavarian fire drill     illuminati mutual assure distractionspin     illuminati crime lord,1987,2.6472,6.4816,6.15386,1.59729,2,8,12.592592592592593,8.692307692307692,4,"['4', '5', '6']",8754,74,425,428,180,60,180,12,4933,0,4,5,2,1,Illuminati,0,https://cf.geekdo-images.com/ea8y04WKGgdQkFy1Pbw9tA__original/img/F_xGJIZyrFTkGwRRhV4wk8uVbh4=/0x0/filters:format(jpeg)/pic1320091.jpg,1919,1138,21926,21926,488,21926,21926,21926,21926,1,1,0,0,0,0,0,0
29,Terrain Vague,have system similarity metal plante terrain vague war gameish game base young gang kid fight turf junk yard   imagine rrated little rascal movie weapon ideaa winner   concour international de crateurs de jeux de socit,1993,3.25,6.68521,5.55015,1.41514,2,4,12.0,156.0,0,[],218,35,53,8,120,120,120,10,71,0,0,0,0,0,,0,https://cf.geekdo-images.com/QG52YF6TnB5QJ9uXgtkqPA__original/img/6XL8ZbELnCL481qb-TktbQQMIYw=/0x0/filters:format(jpeg)/pic237984.jpg,10342,21926,21926,21926,21926,21926,21926,21926,21926,0,0,0,0,0,0,0,0
30,Dark Tower,epic fantasy quest recover ancient magic scepter tyrant king dark tower bring life electronic formto vanquish usurper player search realm circular game board key unlock tower gate   journey battle fight rove band brigand dragon plague hunger   bazaar visit purchase supply assistant quest   uncharted territory lose tomb ruin plunder   mighty army raise player lay siege tower fight glorious victory crush defeatdark tower technologically impressive release    gameplay facilitate small computer inside black plastic shell tower   player input move small membrane keypad turn computer take conduct progress battle keep track little food leave feed player hungry warrior computer play brief musical serenade significant point game,1981,1.81,6.84482,5.97458,1.79266,1,4,8.6,6.4,0,[],1712,158,457,100,90,90,90,10,1295,0,2,0,1,0,,0,https://cf.geekdo-images.com/3Nl1qEL5tdB6Eo19FCBm9Q__original/img/yQtEd4BmQOOL96gRnK9jvrSeud0=/0x0/filters:format(jpeg)/pic4007794.jpg,2658,21926,21926,21926,547,21926,21926,21926,21926,1,0,0,0,0,0,0,0
31,Dark World,line heroquest come heavily produce game call dark world player evil lord control dungeon rest player character room room fight monster gain treasure real work treasure chest magic weapon inside figure new weapon character hand,1991,1.9259,5.36587,5.42431,1.66679,2,5,8.0,42.0,0,[],2004,50,204,54,90,90,90,10,784,0,6,1,0,0,,0,https://cf.geekdo-images.com/xLMe3TMPeekyO5CpELErBA__original/img/KZ0AhYyLh8-kBtgs8ecZun82ToE=/0x0/filters:format(jpeg)/pic525738.jpg,21307,21926,21926,21926,1217,21926,21926,21926,21926,1,0,0,0,0,0,0,0
32,Buffalo Chess,buffalo chess aka bison player represent indian try village overrun buffalo player move indian chief dog player take charge herd rampage buffalo represent wooden piece style play piece differently,1975,1.5417,6.06147,5.58813,1.38318,2,2,6.666666666666667,16.0,0,[],633,17,65,24,30,30,30,8,327,0,8,0,0,0,Abstract (Lakeside),0,https://cf.geekdo-images.com/rcoh1RggeMQJfXLSgCbmtA__original/img/H7i7lIZO2pksVTHhxj9GuHauNcM=/0x0/filters:format(jpeg)/pic4604213.jpg,7929,21926,400,21926,21926,21926,21926,21926,21926,0,0,0,0,0,1,0,0
34,Arkham Horror,arkham horror cooperative adventure game theme hp lovecraft cthulhu mythos   game player explore town arkham attempt stop unmentionable horror spill world possible insane lose gamereimplemente inarkham horror,1987,2.3958,6.64889,5.73702,1.64122,1,8,12.0,9.0,0,[],895,66,183,48,180,180,180,12,535,0,2,0,1,0,Arkham Horror,0,https://cf.geekdo-images.com/AhS53CO05pBagyr9EfRazg__original/img/tYocUbfd0yIGoQPiWJ7YVFdCmyY=/0x0/filters:format(jpeg)/pic5747491.jpg,4509,21926,21926,21926,706,21926,21926,21926,21926,1,0,0,0,0,0,0,0
36,Federation & Empire,sprawl empire game set   star fleet universe player command race variety scenario replay quothistoricalquot situation galactic politic futureit base set federation empire series productsthe star fleet universe series base game star fleet battle federation amp empire strategic game base background   federation amp empire stand game star fleet battle require need play gamethe game closely related star fleet battle resolve tactical battle federation amp empire federation amp empire campaign system star fleet battlesthe original version come   publish task force game   follow   quotdeluxequot version replace original release   quotdeluxequot indicate box indicate new version   deluxe version include revise rule book counter sheet player aid battle board player foliothe quotdeluxequot version expansion     federation   empire carrier war     federation   empire module    special operation     federation   empire module    marine assaultin   revision rule complete fampe k call version stand decadein   countersheet entirely redo large number counter sheet rulebook revise incorporate   year errata ruling allow well integration expansion release periodexpande     federation   empire advanced operation     federation   empire combine operation combine replace federation   empire module    special operation federation   empire module    marine assault     federation   empire fighter operation replace federation   empire carrier war     federation   empire planetary operation     federation   empire strategic operation     federation   empire isc war     federation   empire minor empiressince   adb create print pdf form compendium ii iii cover fampe section captain logrsquos   material base game   rule book material expansion advance combined planetary strategic operation compendiumsrsquo compendium iii captain logrsquos   print post   rulesfighter operation update   standard relevant item compendium include,1986,4.4032,6.40295,5.65032,1.83234,2,8,14.4,163.66666666666666,0,[],1144,32,109,62,300,300,300,12,407,0,1,28,0,0,Federation & Empir,0,https://cf.geekdo-images.com/ZlZQnkIDefuLQMJGXXDzXA__original/img/xTYyjkb0OEqvWvdWDC2iMbkPQ6k=/0x0/filters:format(jpeg)/pic387448.jpg,5892,21926,21926,21926,21926,21926,1192,21926,21926,0,0,1,0,0,0,0,0
37,Dragon Masters,odd little game game workshop ltd use component mighty empire strategy game   player compete prince elven homeland   player manage economy base village city recruit dragon defeat enemy,1991,2.0909,5.8106,5.51344,1.60859,2,4,8.0,,0,[],376,22,53,11,120,120,120,12,151,0,0,1,0,0,,0,https://cf.geekdo-images.com/640B5-ljtmZqgCPI2aCLtw__original/img/1PFucTE4ovuqaj5peRmBVLgHPL8=/0x0/filters:format(jpeg)/pic1314183.jpg,15658,21926,21926,21926,21926,21926,3015,21926,21926,0,0,1,0,0,0,0,0
38,Runes,rune different kind word game player actually construct letter special game piece   player attempt figure simply spelling actual letter structure hidden wordsplayer turn put letter segment letter box player board point segment belong letter player get point nt player think know opponent word guess gain point equal number segment word lose point incorrect,1981,1.9,6.16082,5.5373,1.32988,2,4,,,0,[],292,3,18,10,30,30,30,10,97,0,1,0,2,0,,0,https://cf.geekdo-images.com/kazoS3z-rZ4RFBvAHMKbzA__original/img/aL3ufthCmP9yC4rNz3x99XgyI-U=/0x0/filters:format(jpeg)/pic6274530.jpg,11818,21926,21926,21926,21926,21926,21926,21926,21926,0,0,0,0,0,0,0,0
39,Darkover,base book marion zimmer bradley game meld typical strategy game normally find party game   player vie control world steep psychic energy   mix strategic placement counter chant quoti dare youquot party game mechanic make truly unique game,1979,2.5,5.29583,5.48713,1.75431,2,4,,,0,[],285,13,44,8,60,60,60,12,108,0,0,0,0,0,,0,https://cf.geekdo-images.com/6xSMvokg5iLIGScjuv5kEg__original/img/xjsBzqQ7hhzQc0iHBDwDJXIIG6Q=/0x0/filters:format(jpeg)/pic21974.jpg,19422,21926,21926,21926,21926,21926,21926,21926,21926,0,0,0,0,0,0,0,0
40,Borderlands,try squeeze diplomacy reasonable time eon design borderland game political wrangling free market society fuel ambition conquest   borderland blend conflict dealmake element diplomacy resource management inspire settler catanthe german edition game ascalion contain element borderland expansionsreimplemente     gearworld borderland,1982,2.7826,6.73841,5.64689,1.62152,2,4,13.333333333333334,157.33333333333334,0,[],572,66,161,23,120,120,120,12,268,0,2,2,1,0,,0,https://cf.geekdo-images.com/pJmlIpIcUU7NOZlJE0z4KA__original/img/DnE7MHdiG04qX7Q2QEJJygJUAv0=/0x0/filters:format(jpeg)/pic651637.jpg,5988,21926,21926,21926,780,21926,1000,21926,21926,1,0,1,0,0,0,0,0
41,Can't Stop,sid sackson classic player press luck dice choose combination tactically close column board column possible total sixside dice number space column vary probable total space column roll take complete turn player roll dice arrange duos            amp        amp         amp   player place advance progress marker open column associate choose total choose roll end turn replace progress marker marker color player advance different column turn advance column player close reach end space roll doesnrsquot result legal play turn end turnrsquos progress losta predecessor   great race exist paperandpencil game,1980,1.1553,6.85195,6.69638,1.30733,2,4,7.279411764705882,6.0,3,"['2', '3', '4']",12942,401,1825,940,30,30,30,9,14370,0,6,1,4,1,,0,https://cf.geekdo-images.com/JZpo3AnyFH4TqxKWFSFKGQ__original/img/FqTBNKpUalw3f4FEWvFcQ5ydtPg=/0x0/filters:format(jpeg)/pic1046518.jpg,753,21926,21926,202,21926,21926,21926,21926,21926,0,0,0,1,0,0,0,0
42,Tigris & Euphrates,regard reiner knizia masterpiece tigris amp euphrates set ancient fertile crescent player build civilization tile placement player give different leader farm trading religion government leader collect victory point category score end game number point weak category encourage player overly specialized conflict arise civilization connect board ie external conflict leader type survive conflict leader replace civilization internal conflictsstarting mayfair edition   tigris amp euphrate include doublesided game board extra component play advanced version game quotziggurat expansionquot initially release separate item germany own base game special monument extend space board monument build player cross civilization token color discard token replace ziggurat marker place ziggurat tower middle tile ziggurat marker destroy rule monument apply ziggurat monument king inside kingdom ziggurat victory point color choice end turnsome version tigris amp euphrate list   player incorrectly state   player tigris amp euphrates call reiner knizia tilelaye trilogy,1997,3.5064,7.69599,7.52665,1.48238,2,4,12.336363636363636,16.050359712230215,4,"['2', '3', '4']",29238,1389,6463,2674,90,90,90,12,26068,0,15,1,2,0,Euro Classics (Reiner Knizia),0,https://cf.geekdo-images.com/soAzNVWglCdVBacNjoCTJw__original/img/HClVZy9phFP-NPte4UBQpclsaHU=/0x0/filters:format(jpeg)/pic2338267.jpg,96,85,21926,21926,21926,21926,21926,21926,21926,0,1,0,0,0,0,0,0
43,Airlines,airline theme exactly suggest title game similar sid sackson classic acquire player compete majority stockholder highlyabstracted company player own valuable portfolio end winnereach turn player choose action expand airline stock hand play stock hand expand airline add route board increase value trick scoring card show randomly play stock count player holding,1990,2.4242,6.58402,5.68861,1.3983,2,6,12.0,296.0,0,[],490,27,61,33,90,90,90,12,370,0,0,0,2,0,,0,https://cf.geekdo-images.com/rfKJrXZv8obmM8DGF_xNaw__original/img/Z4wTGCyzjBcZM3o_ZfD83_OAnXU=/0x0/filters:format(jpeg)/pic9562.jpg,5195,1689,21926,21926,21926,21926,21926,21926,21926,0,1,0,0,0,0,0,0
44,David & Goliath,game add interesting twist standard tricktaking genre   suit player follow suit   winner trick high card play regardless suit   winner get card trick minus card win   card give player play low card   trick play scoring begin   player score facevalue card suit collect point card suit   player point number hand win game,1997,1.6257,6.45438,5.96607,1.20766,3,6,7.769230769230769,1.0,4,"['3', '4', '5', '6']",1912,157,453,179,60,60,60,8,1598,0,2,0,0,0,,0,https://cf.geekdo-images.com/XTkkx0j13h77fnCG7mYI3A__original/img/a08G83lXvnLaMCgSA9cExpDTvII=/0x0/filters:format(jpeg)/pic359902.jpg,2699,21926,21926,778,21926,21926,21926,21926,21926,0,0,0,1,0,0,0,0
45,Perudo,liars dice aka bluff perudo dudo south american dice game player give dice cup roll hide player successively high declaration result dice remain game eg quotthere sixesquot contest bid happen dice reveal bidder caller lose dice depend correct player dice winneras public domain dice game number variant similar game call liar dice include play poker dice differ market version player declare hand value oppose dice play pokerhand value,1800,1.2625,6.90371,6.72095,1.40634,2,6,8.181818181818182,26.0,6,"['3', '4', '5', '6']",16998,135,1039,922,30,15,30,8,13144,0,28,0,1,0,,0,https://cf.geekdo-images.com/UCiGSoCqbOsXS8JzZZC_SA__original/img/wjGWTdm1oFcxipprcBZT9_OZYRc=/0x0/filters:format(png)/pic3949242.png,721,21926,21926,190,21926,21926,21926,50,21926,0,0,0,1,0,0,1,0
46,Medici,reiner knizia standby game play vary number people   object accrue point round spend point bid set card   turn current player turn card player bid high bid take card   card denote commodity type quantityvalue   round end player ship commodity card deck exhaust   round point award player have give commodity valuable total quotcargo loadquotpart knizia auction trilogyone knizia florentine auction game relate game       medici vs strozzi twoplayer version      strozzi      mercator include neue spiele m alten rom ancestor medici,1995,2.2555,7.15626,6.83642,1.2623,2,6,10.1,21.0,5,"['4', '5', '6']",8045,381,1371,591,60,60,60,10,7414,0,1,0,2,0,Knizia Florentine auction gam,1,https://cf.geekdo-images.com/1njrltRuw3DrS0gNNu02Dg__original/img/DcY7lagZO1XKuTQY5Tfk8Hwm0B8=/0x0/filters:format(jpeg)/pic2672797.jpg,562,352,21926,21926,21926,21926,21926,21926,21926,0,1,0,0,0,0,0,0
47,Chinatown,negotiation game true sense word player acquire ownership section city block place tile represent business blocksection   end turn tile ve lay give sort payout complete business form connected tile type pay bit well   resource deal player randomly player trade match business adjacent locationsthis game   alea big box series,1999,2.2685,7.35277,7.04135,1.33858,3,5,10.620689655172415,321.1666666666667,5,"['4', '5']",11175,772,3107,499,60,60,60,12,9033,0,2,0,0,0,Alea Big Box,0,https://cf.geekdo-images.com/QnIOe-1wb8_zuxglKjAwOQ__original/img/KVIx8Af2rXVkyaUA8lxjl_H1aWc=/0x0/filters:format(png)/pic2037509.png,375,252,21926,21926,21926,21926,21926,21926,21926,0,1,0,0,0,0,0,0
48,Krieg und Frieden,take role landowner feudal society player charge run land accrue favor bishop build cathedral   turn player use resource bid year agenda resource value bid depend type agenda available   player use remain resource build land sack land bribe knight away defense help build bishop cathedral   finally player harvest new resource turn   piece cathedral build game victory go player victory point   game originally release charlemagne think game essen   later slightly shorten krieg und friedenreimplement     charlemagne,1999,2.4638,6.09125,5.6736,1.298,2,4,12.666666666666666,1.0,0,[],1447,19,56,69,90,90,90,12,716,0,2,0,1,1,,0,https://cf.geekdo-images.com/I1GQofopNwNm8uVKUx0xcw__original/img/pDbe19a_y8epNptMnShMGsDkG4Y=/0x0/filters:format(jpeg)/pic359365.jpg,5454,1760,21926,21926,21926,21926,21926,21926,21926,0,1,0,0,0,0,0,0
49,Mamma Mia!,designer uwe rosenberg talent dream new inventive card game mamma mia perfect example talent player place pizza ingredient combine pool try time pizza bake order use s available kitcheneach player start game different pizza order fill order card hand player start hand ingredient card show pepperoni mushroom pineapple green pepper olive turn player lay ingredient card single type common stack optionally add pizza order card stack refill hand draw card play share ingredient deck order deckafter draw pile exhaust share pile card flip sort ingredient order come ingredient card available fill order owner score player difference play card hand score order return card order deckonce order score return shuffle ingredient pizza start round play complete round player s fill order win,1998,1.3693,6.47074,6.23895,1.25909,2,5,7.6,1.0,4,"['3', '4', '5']",7804,115,496,482,30,30,30,10,5800,0,4,3,1,0,Mamma Mia!,0,https://cf.geekdo-images.com/R4sklz_ELBN5nLFTwagvLQ__original/img/7IHqMhY3qCMcpoMT22fNeFnGLLo=/0x0/filters:format(jpeg)/pic2824027.jpg,1635,21926,21926,500,21926,21926,21926,21926,21926,0,0,0,1,0,0,0,0
50,Lost Cities,lose city card game kosmos twoplayer series game originally consist single deck card rank ndash different color special quothandshakesquot quothsquot score example suit   game include colored suit sixth color optional gameplay game board include organize discard card help player organize card collectionsthe object game gain point mount profitable archaeological expedition different site represent colored suit card player turn play card expedition discard colorappropriate discard pile draw card deck discard pile card play expedition ascend order need consecutive handshake consider low   represent investment expedition play red   play red card high   future turn long play handshake   game continue fashion player alternate turn final card take deck rest card hand discard player score expedition expedition card play score card play expedition worth rank point handshake count multipli final total handshake double expedition value handshake triple value handshake quadruple expedition start value   play   point card expedition order profit leave negative value handshake multipli apply point bonus award expedition card play complete game lose city last match score match add togetherscore example   expedition   total   expedition worth   total point   plus initial scoring example   expedition   hs   total   expedition worth   total point   point card plus initial   time multiplier plus pt bonus play   cardsscore example   expedition   hs   total   expedition worth   total point   plus initial   time multipli,1999,1.4921,7.18784,7.08937,1.26552,2,2,8.146153846153846,1.0,2,['2'],54756,501,4522,2963,30,30,30,10,39233,0,18,2,2,0,Two-player games (Kosmos),0,https://cf.geekdo-images.com/AL5D-dXabY-Lk3PqIFk_0g__original/img/PdGBQ7xc0GA9ndKnnInx_sQwvl4=/0x0/filters:format(jpeg)/pic4597095.jpg,325,21926,21926,70,21926,21926,21926,21926,21926,0,0,0,1,0,0,0,0
51,Ricochet Robots,ricochet robot game puzzle explain s odd number solution possible s fourpiece modular board form large room wall spread board colorcode target board place surface robot idea turnpuzzle likecolored robot randomly select target trick robot starts move continue wall robot stop player seek sequence move robot enable require robot target few move,1999,2.4107,7.01391,6.721,1.64816,1,99,9.3125,26.0,4,"['2', '3', '4', '5', '6', '7', '8', '9']",8575,218,1176,504,30,30,30,10,8262,0,7,0,0,0,,0,https://cf.geekdo-images.com/3qg1xTP7ZZiu8OolGBYJ1w__original/img/wkfYHdMR_P05Mat4oTHa9cmRNCA=/0x0/filters:format(jpeg)/pic1766273.jpg,720,21926,44,21926,21926,21926,21926,21926,21926,0,0,0,0,0,1,0,0
52,Mighty Empires,mighty empire strategic layer warhammer mass combat fantasy roleplay game st edition system boardgame right   allow player miniature game manage kingdom explore world attempt conquer kingdom play standalone fantasy wargame   game board construct hexagonal tile create unique land mountain hill river valley lowland coastal area   game come nifty bit represent army castle city village,1990,2.6,6.16538,5.61972,1.80572,2,3,12.666666666666666,307.8,0,[],951,61,107,45,300,300,300,14,515,0,0,0,1,0,,0,https://cf.geekdo-images.com/6-LNj8f8DPnH1lRU3DghDA__original/img/fgOY6dvigeZE37LAp-jGL6jXGYg=/0x0/filters:format(jpeg)/pic994386.jpg,6719,21926,21926,21926,21926,21926,1916,21926,21926,0,0,1,0,0,0,0,0
53,Brauerei,brauerei game german beer market player attempt bring beer brand national market   master local regional market make sure supply beer attempt anticipate evolve public taste beer,1996,3.0,5.96143,5.50801,1.24431,3,6,,,0,[],106,11,12,1,0,0,0,14,35,0,1,0,0,0,,0,https://cf.geekdo-images.com/kkRQv3NvDn0i7VGurL8BZQ__original/img/Xog_nPIdTq9MIKCC-EU4VJ1TmDc=/0x0/filters:format(jpeg)/pic514060.jpg,16632,21926,21926,21926,21926,21926,21926,21926,21926,0,0,0,0,0,0,0,0
54,Tikal,tikal game exploration central american jungle search lose temple treasure player send team explorer jungle expose terrain   way find temple require uncovering treasure   player attempt score point occupy temple hold treasuretikal game mask trilogysequel      tikal ii lose temple,1999,2.7906,7.33204,7.1497,1.19642,2,4,9.835616438356164,21.0,4,"['2', '3', '4']",24086,638,3408,1509,90,90,90,10,18453,0,4,1,1,0,The Mask Trilogy (Kramer / Kiesling),0,https://cf.geekdo-images.com/ajU3xzGDUKihjNdvjCR1Hw__original/img/6dCgK1EESbk9GNuCiwQ4XiqIW3Y=/0x0/filters:format(jpeg)/pic3328391.jpg,282,209,21926,21926,21926,21926,21926,21926,21926,0,1,0,0,0,0,0,0
55,Sophie's World,loosely base book jostein gaarder sophie world well describe specialized game trivial pursuit genus edition aim philosophical hellenistic crowd,1998,1.5556,4.87444,5.4623,1.82133,2,6,13.0,9.0,0,[],277,4,8,9,90,60,90,12,90,0,4,0,0,0,,0,https://cf.geekdo-images.com/sdZdPwtdxr8QMdGe1y5EeQ__original/img/vmkI9eoM6A2UjWLWJe-i5h4QYt4=/0x0/filters:format(jpeg)/pic575231.jpg,20750,21926,21926,21926,21926,21926,21926,21926,21926,0,0,0,0,0,0,0,0
57,Schoko & Co.,schoko amp co produce chocolate order money player chocolate baron contend element business production sale buy cocoa convert chocolate sell sale meeting big distributor finance staff labor pull efficient get money winambition title french language edition publisher,1987,2.9149,6.65293,5.71998,1.32314,2,4,13.0,312.75,0,[],858,22,47,47,180,180,180,13,408,0,1,0,0,0,,0,https://cf.geekdo-images.com/DQL64DCpR-D612hTvpYdpQ__original/img/3jTDrRsy4LO2MHB_4f4QMW4LV20=/0x0/filters:format(jpeg)/pic1378439.jpg,4738,1623,21926,21926,21926,21926,21926,21926,21926,0,1,0,0,0,0,0,0
58,Kings & Things,king amp thing classic tom wham game war kingdom fantasy world legion thing inhabit board hex tile allow different board layout time utilize interesting flip counter element player attempt bluff type thing armiesreimplement     king tabletop,1986,2.6437,6.50457,5.96851,1.46949,2,4,10.5,7.2727272727272725,0,[],3398,83,247,160,120,120,120,12,1627,0,2,0,1,1,,0,https://cf.geekdo-images.com/QJU-51hfBlaRRDnAtj1oxw__original/img/IdVMsgVTmzNexwVTVQZJVmd5uMo=/0x0/filters:format(jpeg)/pic638820.jpg,2687,21926,21926,21926,524,21926,628,21926,21926,1,0,1,0,0,0,0,0
59,Giganten,attempt find oil dusty texas player try outbid sale contract oil industry   oilfield drilling site scatter spread player truck try grab site quickly possiblethree group tile lay drilling site give range value site reach player   deep site field great overall yield player weigh create constant supply small yield close beginning gameonce oil produce player attempt sell market company player mean player shut turn   bidding interesting element player bid pool hide make difficult tell player bluffingreimplemente black gold,1999,2.5693,6.69704,6.0456,1.23635,3,4,10.666666666666666,11.0,0,[],1934,36,140,137,90,90,90,10,1392,0,0,0,1,0,,0,https://cf.geekdo-images.com/xiJmbkTIlaBidfWsewdrdg__original/img/HK4fOXCCLay0A4YVqXO_l0zZOeo=/0x0/filters:format(jpeg)/pic431734.jpg,2301,1090,21926,21926,21926,21926,21926,21926,21926,0,1,0,0,0,0,0,0
60,Vinci,line history world avalon hill game co player cycle series european civilization attempt score point civilization special power   game set europe player provide pool wooden token represent civilization   player select combination civilization tile civilization special ability characteristic   player enlarge empire territorial expansion expense player   key game lie choose allow active civilization decline order select new generate point   play continue cycling civilization certain score reach final round play victor determinedreimplemente      small world release march,1999,2.7813,7.07778,6.59208,1.34385,3,6,11.714285714285714,16.772727272727273,4,"['3', '4', '5']",3762,143,542,439,120,120,120,14,3965,0,0,0,1,0,,0,https://cf.geekdo-images.com/16rNX4_Zj2nUtfKP7d1Wxw__original/img/tMG5f6Jgt1XKTXbHnFWJrWFpzo8=/0x0/filters:format(jpeg)/pic168171.jpg,910,523,21926,21926,21926,21926,21926,21926,21926,0,1,0,0,0,0,0,0
61,Fossil,hunt petrified treasure player compete paleontologist try complete set possible fossil   board lay random bunch fossil piece player turn move stone field location want pick fossil piece   movement cost prestige point weigh carefully fossil worth effortwon games magazine game year award,1998,1.7451,5.44069,5.47935,1.39848,2,6,10.0,316.0,0,[],968,8,41,51,40,40,40,10,673,0,0,0,0,0,,0,https://cf.geekdo-images.com/0OjVu2DcVVRzYhWb92E_pg__original/img/UaxU1VbaTya9ZLetUXRQWs-nSHY=/0x0/filters:format(jpeg)/pic147519.jpg,20022,21926,994,2166,21926,21926,21926,21926,21926,0,0,0,1,0,1,0,0
62,Curse of the Mummy's Tomb,player group explorer pyramid attempt learn forbidden knowledge find treasurehowever pyramid trap trick lurk mummy rest dead   come d level gameboard player ascend metal miniaturesexpanded bycurse mummys tomb search eternityflavour text boxquotwhen moon conjoin planet god anubi elixir eternal life flow   partake sacred water shall stay youthful year   immortality reward overcome dead walkquot,1988,1.88,5.31848,5.46353,1.55905,1,4,,,0,[],642,38,92,25,120,120,120,12,341,0,1,1,0,0,,0,https://cf.geekdo-images.com/4ec1CU2Lbqg_EXcCIPUv4g__original/img/nO9YHqik2DidD_pH4HNg_7VqUdc=/0x0/filters:format(jpeg)/pic146706.jpg,20720,21926,21926,21926,1196,21926,21926,21926,21926,1,0,0,0,0,0,0,0
63,Samurai: Game of Politics and Warfare in Feudal Japan,boxyou timeth th century japan exact objective exalt title quotshogunquot quotshogunquot right enforce emperor real ruler japansamurai allow control japan medieval japan central government emperor dissolve powerless figurehead clan compete control country clan similar noble house europe leader equivalent medieval duke baron count like formldable samurai warrior clan wage endless war major island japanese archipelagoconcept play player control clan lord lord province represent personal quotfiefquot home additional holding troop title ship castle provincesthe game play   turn represent pace historical event run month year turn move conduct mapboard portray major island japanthe playing piece allinclude samurai lords clan control marker holding title counter troop garrison explain easyshy tofollow prose page rule foldermany game excellent game     player samurai suitable begin intermedlate play plenty optional rule strategic option expert hardcore powerpolitics fanatic special rule create nearly quotperpetualquot game represent tho true ebb flow japanese feudal confilct samurai include variety play aid learning play game truly effortless task rule manual contain historical background designer note offer player flavor authenticity medieval conflict age quotshogunquot strugglesbgg descriptionsamurai game warfare politic feudal japan aim game gain title quotshogunquot game end shogun player gain control imperial article scatter mapboard emperor heir imperial regalia kyoto castleplaye piece samurai lord house lord home province provide troop additional troop add office province castle etc,1979,2.6296,6.45191,5.66973,1.3293,2,8,13.0,322.5,0,[],1160,22,59,54,180,180,180,12,430,0,2,0,0,0,,0,https://cf.geekdo-images.com/cwU7yMp2ISonhEzJ5ZNmqw__original/img/_7X04AHX3fIpgzg1C-AVtz_OIFs=/0x0/filters:format(jpeg)/pic245105.jpg,5513,21926,21926,21926,21926,21926,1141,21926,21926,0,0,1,0,0,0,0,0
64,Joan of Arc,joan arc game quotconquest perfidy kingdom francequot deal conflict france year war   multiplayer wargame carddriven combat system political layer player contend withfor year england france battle sit french throne france faction develop put forth candidate challenge right dauphin struggle hero emerge notably black prince jeanne darc maid orleans tremendous battle fight crecy poitier agincourt impact war ephemeral long siege follow short campaign band notorious free company temporarily unemployed maraud countryside search rapine plunder complicate matter famine plague poison season twa grand timethe game randomly last     turnsthe winner player pretender point   point gain end turn province player control   control city gain revenue spend battle card fortificationbattle resolve play battle card yellownumerical redspecial card combine influence fortification die rollturn sequenceincome phase base control citiespolitical phase vote war peacebattle card collection   purchase fortification andor card   player order phaseevent phaseforeign intervention phaseplayer turn player order player resolve   expansion movescombat   yellow card resolve battle repeat combat neededpretender point player gain point depend region control influence point   discard cardsgame end check turn     automatic component mount game board   card la tarot   resin cast castle   resin cast stronghold diecut coin marker garrison represent faction france england navarre brittany flander burgandy      sequel renaissance,1998,2.5424,6.27643,5.64511,1.64358,3,6,12.0,57.0,0,[],755,25,72,59,180,180,180,12,445,0,4,0,1,0,,0,https://cf.geekdo-images.com/UD42fj0ESsolCl951lqOAg__original/img/L_H0SLQH4BlqWi3TquV1xWBgewo=/0x0/filters:format(jpeg)/pic87932.jpg,6031,1853,21926,21926,21926,21926,1302,21926,21926,0,1,1,0,0,0,0,0
66,Löwenherz,king lie near death prince compete dominate kingdom secure throne grab land possiblethis ideal   player game turn card reveal display   action player choose player turn choose action play      card identify second action reveal card beauty mechanism lie distribution   action   player miss outif player choose action decide player         choose action     player choose negotiate solution come agreement duelthis define element game time negotiation drop reimplementation domainethe game board build   tile randomly place frame produce slightly different game time see teuber thematic trilogy define entdecker catan lwenherzthe board conflict manner idea capture territory possible   player start castle   player crowded board build wall create kingdom train knight defend key action action card bid turnconsequently high conflict area grab game heavy element negotiation,1997,2.9286,7.02767,6.39967,1.35236,2,4,12.444444444444445,21.75,4,"['3', '4']",3542,82,300,266,90,90,90,12,2459,0,0,0,1,0,,0,https://cf.geekdo-images.com/qsiGPdi9ktEKj3rU8HcAog__original/img/LoxqSRScweTL2i0niuaNolPn8hI=/0x0/filters:format(jpeg)/pic582814.jpg,1244,671,21926,21926,21926,21926,21926,21926,21926,0,1,0,0,0,0,0,0
67,Conquest,conquest design diceless wargame   late version update original plastic unit colorful map   set ancient time conquest player utilize troop cavalry chariot elephant ship try capture opponent fortification occupy quotquestquot location   map design pointtopoint movement play hinge pool action point use different unit   conquest come version design player design exclusively,1974,2.5,6.36488,5.64851,1.67859,2,4,14.0,71.66666666666667,0,[],847,24,65,32,120,120,120,10,373,0,1,0,2,1,Conquest (Donald Benge),0,https://cf.geekdo-images.com/q_Smtd-fGvpxqWIZB8-_wA__original/img/YO5AvueF8DJ015euZ90wweHSdxQ=/0x0/filters:format(jpeg)/pic940999.jpg,5957,21926,21926,21926,21926,21926,1389,21926,21926,0,0,1,0,0,0,0,0
68,Successors (First/Second Edition),follow footstep successful card drive war game system people hannibal rome vs carthage successor add new element add multiplayer dimension series player general recently deceased alexander great recreate civil war hellenistic sphere middle east map point point system counter extra large colorful deck card provide give refreshing twist typical war gamereimplemente     successor edition,1997,3.194,7.04767,5.83265,1.53727,2,4,14.5,358.4,0,[],887,39,73,67,180,180,180,12,493,0,1,0,1,0,,0,https://cf.geekdo-images.com/Gl3Zy0ZRU87klG89fc3tKg__original/img/hHvF0Yn3j11O56TqSKc6ni4q0xc=/0x0/filters:format(jpeg)/pic290690.jpg,3562,21926,21926,21926,21926,21926,428,21926,21926,0,0,1,0,0,0,0,0
69,Bollox,bollox easy learn rule play game bollox bit trickieryour objective piece row sound easy rightrule black play sound easy fastrule seemingly sudden sandwich like sound entrap opponent piece quotevictquot opponent piece sandwich quotbollox upquot game plan unwary player sandwich completely turn game dazzling win mensa select,1999,2.4,6.77708,5.53105,1.23966,2,2,8.0,331.0,0,[],109,9,35,5,20,20,20,10,48,0,2,0,0,0,,0,https://cf.geekdo-images.com/XuPXpUWbGRMfGR2lewxo5A__original/img/T08q1X35jNRSPQf0b9NTYGE-jTM=/0x0/filters:format(jpeg)/pic26032.jpg,12713,21926,612,21926,21926,21926,21926,21926,21926,0,0,0,0,0,1,0,0
70,Big City,game wonderful plastic bit build city   player acquire card different neighborhood use lay building space large   point receive give building base score plus bonus building surround   make game unique city hall   player play score point order start place structure simple residence business,1999,2.2171,6.8628,6.29463,1.21467,2,5,9.866666666666667,1.0,3,"['2', '3', '4']",2558,258,681,258,60,60,60,10,2376,0,0,0,1,0,,0,https://cf.geekdo-images.com/LkPdT03ObmWklCB8S3DZfw__original/img/tOLxwWWirwmmZ5fYgh2wJ7c6MqA=/0x0/filters:format(jpeg)/pic1043072.jpg,1486,801,21926,386,21926,21926,21926,21926,21926,0,1,0,1,0,0,0,0
71,Civilization,civilization game skill     player cover development ancient civilization invention agriculture c   bc emergence rome middle century bc player lead nation people map board eastern mediterranean near east attempt carve niche culturealthough battle territorial strategy important war game win battle conquest instead object play gain level overall advancement involve cultural economic political factor conflict arise result rivalry land shortage desire eliminate player nomad farmer warrior merchant artisan citizen essential play development civilization player effectively change emphasis outlook achieve good balance winfrom introduction avalon hill edition rulebookthis game huge following widely regard good game ancient civilization player take role leader ancient civilization illyrian babylonians task guide people age expand empire proceed finance new technological advance literacy metalworking law advancement help civilization well cope problem help bring new advancementscivilization widely think game incorporate quottechnology treequot allow player gain certain item ability particular item obtain influential mechanism adopt countless board games card game computer game,1980,3.6564,7.49788,7.0687,1.60381,2,7,12.242424242424242,27.17142857142857,7,"['4', '5', '6', '7']",10319,218,912,745,360,360,360,12,7197,0,4,5,1,0,Civilization,0,https://cf.geekdo-images.com/YnRVKSq3NrLKVGPNzcYvqg__original/img/DVfIjAcXRotFftj6yPOc7KKYXNA=/0x0/filters:format(jpeg)/pic374847.jpg,347,232,21926,21926,21926,21926,21926,21926,21926,0,1,0,0,0,0,0,0
72,Verräter,board game masquerade card game conflict faction rose eagle turn player attempt change allegiance land district contribute power card swing conflict favor player choose role diplomat traitor builder special ability turn potentially devastating role verraumlter traitor allow player change allegiance conflict begin point award win district take certain role building countinghouse,1998,2.5676,6.69248,6.13668,1.23943,3,4,10.0,1.2666666666666666,4,['4'],4186,53,229,185,60,60,60,12,1925,0,1,1,1,0,,0,https://cf.geekdo-images.com/0czKv-oPkqJri0VU0EZyAw__original/img/_RC6HgACmqqYqASo7PGm-wS8oc4=/0x0/filters:format(jpeg)/pic172332.jpg,1971,990,21926,21926,21926,21926,21926,21926,21926,0,1,0,0,0,0,0,0
73,Show Manager,player show order queenie wolf king lear ballet   accomplish player draft actor card constantly change queue card   card represent actor vary skill role   player put need role value judge production type point give relative productionsthi queen game reprint dbspiele original premiere,1996,2.0943,6.99684,6.24813,1.2935,2,6,9.6,6.2,6,"['3', '4', '5', '6']",1933,143,393,159,60,60,60,10,1723,0,2,0,1,0,Yellow Wave Box (Queen),0,https://cf.geekdo-images.com/WHjeQ11i9CxHvne1FryFZw__original/img/UnZaUiOTz0qSVB5dAbPLtP10aWM=/0x0/filters:format(png)/pic3717385.png,1602,815,21926,401,21926,21926,21926,21926,21926,0,1,0,1,0,0,0,0
74,Apples to Apples,party game apple apple consist deck card thing description round active player draw description card feature adjective like quothairyquot quotsmarmyquot deck player secretly choose thing card hand good match description play facedown table active player reveal card choose thing card opinion good match description card award play thing card player new active player roundonce player win predetermine number description card player winsnote quotparty boxquot edition include card apple apple expansion set   apple apple expansion set,1999,1.1588,5.79633,5.68574,1.6991,4,10,9.455696202531646,14.191176470588236,6,"['4', '5', '6', '7', '8', '9', '10']",26507,63,536,1474,30,30,30,12,17992,0,9,7,2,0,Apples to Apples,0,https://cf.geekdo-images.com/S5GzB_f2Re3kEDoSxqG5Ew__original/img/K49MN0Ij_tZOgDK4znCUJGu6aU4=/0x0/filters:format(jpeg)/pic213515.jpg,5238,21926,21926,21926,21926,21926,21926,502,21926,0,0,0,0,0,0,1,0
75,Falling,game odd genre realtime card game   player dealer person fall death   goal live splat   dealer continue deal card player eventually give ground card   way player kind nasty stuff ensure relative longevity,1998,1.2231,5.49727,5.48446,1.77604,4,8,7.333333333333333,26.714285714285715,0,[],2428,23,113,130,5,5,5,8,1394,0,2,0,1,0,,0,https://cf.geekdo-images.com/BU7RlhGtYA98hIDC2saPcg__original/img/5If9_SBaqB7j6dshJyrBY--eIQ8=/0x0/filters:format(jpeg)/pic5305220.jpg,19664,21926,21926,21926,21926,21926,21926,578,21926,0,0,0,0,0,0,1,0
76,Air Baron,airline vie control american sky hybrid businesswar game turn active player decide investment forgo income round enter fare war fare war player pay roll dice individual spoke control majorcity hubs income generate randomly draw purchase spoke control hub player turn outstanding loan mix market share cash hand equal exceed win target vary number player player win,1996,2.5484,6.39729,5.75602,1.56365,2,6,11.0,6.0,0,[],998,24,64,93,120,120,120,10,762,0,0,0,0,0,,0,https://cf.geekdo-images.com/KXEZpUsmkbKzuyQbznPwYQ__original/img/QylR5UePm-rWPSQRyP6g1rmwHBs=/0x0/filters:format(jpeg)/pic113890.jpg,4277,1599,21926,21926,21926,21926,21926,21926,21926,0,1,0,0,0,0,0,0
77,EastFront,eastfront detail conflict germany soviet union wwii   player contend production supply command control try break side line   scenario cover major point war   game come fantastic detailed map eastern europe russia print cardstock wooden block unit   standalone game serve element complete eurofront series cover entire european conflict wwiithis title use columbia games block system   variation rule set quotfrontquot series game base block system   basically mean traditional   counter represent unit map game use wooden block stand upright unit detail show   accomplish thing   provide easy way produce quotfog warquot opponent tell save good memory deduction type unit specific piece current strength   second have block stand end allow possibility rotate block current strength number   war game type mechanism allow unit loss step overall strength counter normally step side   block easily track twice detail war game providewith use block columbia provide way add good deal depth war game add complex layer bookkeeping allow interesting relatively short session play,1991,3.5889,7.66357,6.09109,1.62954,2,2,13.0,32.0,0,[],1121,36,138,90,240,240,240,12,673,0,1,2,1,0,Front Series (Columbia),0,https://cf.geekdo-images.com/_xuAtC-J2YWbltf4TH8IkA__original/img/Gu2e-ml6XYmLqXsE1m-xca-si-0=/0x0/filters:format(jpeg)/pic289183.jpg,2130,21926,21926,21926,21926,21926,116,21926,21926,0,0,1,0,0,0,0,0
78,"WestFront: The War in Europe, 1943-45",westfront detail conflict ally   germany wwii   player contend production supply command control weather try break side line additional rule include amphibious invasion scenario cover major point war game come fantastic detailed map western europe italy print card wooden block unit section complete eurofront series cover entire european conflict wwiithis title use columbia game block system variation rule set game game base block system basically mean traditional use counter represent unit map game instead use wooden block stand upright unit detail show block thing provide easy way produce quotfog warquot opponent tell save good memory type unit specific piece itrsquos current strength second have block stand end provide way track unit strength rotate block current strength number war game type mechanism let unit step overall strength counter normally step side block easily track twice detail war game provide use block columbia provide way add good deal depth war game add complex layer bookkeeping allow interesting relatively short session playreimplemente     westfront ii war europe    second editionexpande     eurofront war europe,1992,3.4706,6.8324,5.62392,1.3459,2,2,12.0,33.0,0,[],560,10,20,34,240,240,240,12,189,0,0,1,1,0,Front Series (Columbia),0,https://cf.geekdo-images.com/3EzB-abNBjU6pvLorzItYg__original/img/QSZJZ7RyIuNbC2n_5L___MnQ-3c=/0x0/filters:format(jpeg)/pic72713.jpg,6569,21926,21926,21926,21926,21926,980,21926,21926,0,0,1,0,0,0,0,0
79,MedFront: War in North Africa 1940-43,medfront detail conflict ally germany wwii   spanish civil war   player contend production supply command control weather break side line achieve victory   game come fantastic detailed map spain north africa print card wooden block unit portion complete eurofront series cover entire european conflict wwiithis title use columbia games block system   variation rule set game base block system   basically mean traditional   counter represent unit map game use wooden block stand upright unit detail show   thing   provide easy way produce quotfog warquot opponent tell save good memory type unit specific piece current strength   second have block stand end allow possibility rotate block current strength number   war game type mechanism let unit step overall strength counter normally step side   block easily track twice detail war game provide   use block columbia provide way add good deal depth war game add complex layer bookkeeping allow interesting relatively short session playwestfront ii war europe    second edition include update medfront map spanish unit eurofront war europe    second edition update medfront rule spanish civil war scenario spanish unit mapsexpande     eurofront war europe,1994,3.0769,6.33226,5.55212,1.41749,2,2,14.666666666666666,107.66666666666667,0,[],402,13,22,26,180,180,180,12,124,0,0,1,1,0,Front Series (Columbia),0,https://cf.geekdo-images.com/3SyjHSpkiqaTp7LzofApAQ__original/img/qxRKJpPd5I6aF2wX20PoAwVpda8=/0x0/filters:format(jpeg)/pic13658.jpg,10152,21926,21926,21926,21926,21926,1946,21926,21926,0,0,1,0,0,0,0,0
82,Bobby Lee: The Civil War in Virginia 1861-1865,bobby lee cover eastern theater american civil war virginia area    come beautiful cardstock map maryland pennsylvania eastern virginia heap wooden block north south   game utilize strategic layer conflict provide slightly tactical layer combat additional battle map allow center flank position specific unit   game combine sam grant theater civil war play timethis title use columbia game block system variation rule set game game base block system basically mean traditional use counter represent unit map game instead use wooden block stand upright unit detail show block thing provide easy way produce quotfog warquot opponent tell save good memory type unit specific piece itrsquos current strength second have block stand end provide way track unit strength rotate block current strength number war game type mechanism let unit step overall strength counter normally step side block easily track twice detail war game provide use block columbia provide way add good deal depth war game add complex layer bookkeeping allow interesting relatively short session playall artwork graphic game bobby lee create rpghistorical artist eric hotz,1993,2.9184,6.72803,5.70342,1.53272,2,2,14.0,337.8,0,[],914,33,89,49,240,240,240,12,349,0,0,0,0,0,,1,https://cf.geekdo-images.com/pZQnKiKQWb8Y59ZSgyTh4Q__original/img/LLVuapzIJYDd9iDvXt_r8x1PlGs=/0x0/filters:format(jpeg)/pic365542.jpg,4959,21926,21926,21926,21926,21926,750,21926,21926,0,0,1,0,0,0,0,0
83,Sam Grant: The Civil War in the West 1862-1864,sam grant cover western theater american civil war mississippi area    come beautiful cardstock map vicksburg cincinnati heap wooden block north south   game utilize strategic layer conflict provide slightly tactical layer combat additional battle map allow center flank position specific unit   game combine bobby lee theater civil war play timethis title use columbia game block system variation rule set game game base block system basically mean traditional use counter represent unit map game instead use wooden block stand upright unit detail show block thing provide easy way produce quotfog warquot opponent tell save good memory type unit specific piece itrsquos current strength second have block stand end provide way track unit strength rotate block current strength number war game type mechanism let unit step overall strength counter normally step side block easily track twice detail war game provide use block columbia provide way add good deal depth war game add complex layer bookkeeping allow interesting relatively short session playall artwork graphic game sam grant create rpghistorical artist   eric hotz,1997,2.8889,6.36194,5.55994,1.43083,2,2,16.0,,0,[],450,15,38,27,180,180,180,12,134,0,0,0,0,0,,0,https://cf.geekdo-images.com/yCCKoNrdYx-Lh3mgCM2mgg__original/img/z2LnNwWGxF6hmbUAXFCqAnAHnXk=/0x0/filters:format(jpeg)/pic4265194.jpg,9569,21926,21926,21926,21926,21926,1888,21926,21926,0,0,1,0,0,0,0,0
84,Rommel in the Desert,rommel desert fastmoving challenge tense playable wargame base north africa desert campaign world war iithis game enjoy thousand gamer   year experience wargame consider good subjectrommel desert simulate experience command real problem general shuffle combat factor perfect   attack enemy wait passively overwhelmed rommel gain victory employ speed daring surprisein game desert campaign event battlefield subordinate battle wit nerve oppose commander good grasp strategy help foresight nerve instinct crucial element successcontent      wooden block mm     label     mapboard   x   inch     rule       supply card      diceadapte columbia games websiterommel desert prequotfrontquot game touch conflict british german north africa wwii game maneuver precision know strike cut supply spell disaster supply system card drive game come map north africa   wooden block represent british germansthis title use columbia game block system variation rule set game game base block system basically mean traditional use counter represent unit map game instead use wooden block stand upright unit detail show block thing provide easy way produce quotfog warquot opponent tell save good memory type unit specific piece current strength second have block stand end provide way track unit strength rotate block current strength number war game type mechanism let unit step overall strength counter normally step side block easily track twice detail war game provide use block columbia provide way add good deal depth war game add complex layer bookkeeping allow interesting relatively short session playfrom bgg user,1982,3.4183,7.54678,6.24443,1.43983,2,2,14.0,1.7777777777777777,0,[],2151,182,546,153,150,150,150,12,1003,0,0,0,0,0,,0,https://cf.geekdo-images.com/1aI4VpQErVusKbGTfGTi9Q__original/img/Wk1w2pKOvcdeHmaRaHW_3OVk_nM=/0x0/filters:format(jpeg)/pic239376.jpg,1616,21926,21926,21926,21926,21926,94,21926,21926,0,0,1,0,0,0,0,0
85,Quebec 1759,quebec   small simple short war game cover conflict british french canada french indian war game come gorgeous map draw style period movement conduct pointtopoint system follow road town area quebec game come handful block represent british french unitsthis title use columbia game block system variation rule set game base block system basically mean traditional counter represent unit map game use wooden block stand upright unit detail show thing   provide easy way produce quotfog warquot opponent tell save good memory type unit specific piece current strength second have block stand end allow possibility rotate block current strength number war game type mechanism let unit step overall strength counter normally step side block easily track twice detail war game provide use block columbia provide way add good deal depth war game add complex layer bookkeeping allow interesting relatively short session play,1972,2.1512,6.9628,5.90494,1.25169,2,2,10.75,1.7777777777777777,0,[],1286,103,242,86,60,60,60,12,702,0,0,0,0,0,,0,https://cf.geekdo-images.com/xMAE-hgcI6aJ9RNopJTqwg__original/img/rzbXSUVEJ7eS69u_YV8rx14zZO0=/0x0/filters:format(jpeg)/pic403469.jpg,3046,21926,21926,21926,21926,21926,401,21926,21926,0,0,1,0,0,0,0,0
87,Victory: World War II,victory world war ii originally release victory block war block game publish   columbia games   generic war game play modular map world war ii unit   game use strip system command control element remove simplify movement unit production   block set blue red player map     include base gamethere supplement available include basic block set additional color black orange green gray tenunit elite set color map terrain logistic expansion provide twist production add strategic element gameexpande     victory block war   additional blockset     victory block war   elite blockset     victory block war   extra map     victory block war   logistic setvictory faq base info rule forum elsewherereimplemente     victory world war ii   second edition publish   include logistic set element elite blockset map       include,1998,2.5962,6.36869,5.66892,1.53353,2,4,14.0,,0,[],828,18,55,52,120,120,120,12,418,0,2,4,1,0,,0,https://cf.geekdo-images.com/lMd38yFCJVCoB4ikLqaYwg__original/img/LIuSzpRE0x84DEp9JW6hixODGWI=/0x0/filters:format(jpeg)/pic2403125.jpg,5529,21926,21926,21926,21926,21926,1076,21926,21926,0,0,1,0,0,0,0,0
88,Torres,torre abstract game resource management tactical pawn movement   player attempt build castle position knight score point turn   player limited supply knight action card allow special action take   efficient use piece card thoughtful awareness future possibility heart gametorre consider informal member refer mask trilogy,1999,2.8656,7.10972,6.82406,1.27896,2,4,10.285714285714286,26.818181818181817,4,"['2', '3', '4']",12620,327,1523,826,60,60,60,12,8988,0,1,0,1,1,The Mask Trilogy (Kramer / Kiesling),0,https://cf.geekdo-images.com/3pL0cEnaGn7Qwn6F2zvgcQ__original/img/rDW9TnDvR8kA5pSmSrs7fvc3PZ8=/0x0/filters:format(jpeg)/pic3371593.jpg,579,378,26,21926,21926,21926,21926,21926,21926,0,1,0,0,0,1,0,0
89,Blue vs. Gray,gmt website quothow time say ldquoi differentlyrdquo blue vs gray civil war card game nowrsquo chance sack beauregard replace johnston dump hooker thomas let stuart joyridinga card game play like wargamecorp insignia division flag important event civilian amp commander   fight accurate map america card build play people event difference war state line make difference win lose noncollectible proud ityou card need play   card northern deck   card southern deck elusive ldquorarerdquo card ruin game drive price recreate war jackson sherman quotboardgamegeek introduction blue vs gray interesting card game cover span civil war strategic level   deck card include leader unit special action event   use card map entire south slowly reveal war progress   player manage force elaborate command structure watch expenditure supply   entire game play evening carry away player pocket,1999,2.8438,6.75127,5.75504,1.58678,2,4,12.0,233.5,0,[],1122,37,119,64,120,120,120,12,454,0,1,0,0,0,,0,https://cf.geekdo-images.com/25K0ry11APabQ05qWrfRNQ__original/img/Hg-BlFgDme3DSRoHVdbM5ay64Gg=/0x0/filters:format(png)/pic2083742.png,4291,21926,21926,21926,21926,21926,625,21926,21926,0,0,1,0,0,0,0,0
90,Star Wars: Episode 1 – Clash of the Lightsabers,spew amidst rest phantom menace merchandise little card game hasbro actually rise decent level true gamer   game focus duel quigon darth maul   player face battle round try beat battle   win round score point victory track   player manage hand card decide press forward concede battlefrom boxrelive final duel oneonone contest strategy skillit turn determine fate naboo   pick   sith lord darth maul jedi master quigon jinn   duel finishhand hand round round use battle deck attack defend use strategy use skill use force figure thte final duel card victory battle win winnercontent      quigon jinn battle card      darth maul battle card      quigon jinn final duel card      darth maul final duel card      quigon jinn pewter figure      darth maul pewter figure,1999,1.4262,6.21853,5.6869,1.38663,2,2,7.0,13.0,0,[],1055,16,54,61,20,20,20,8,588,0,0,0,3,0,,0,https://cf.geekdo-images.com/bGUi_KpRqipvbGhtsbEKFA__original/img/Oiw7eem4-N_LunqR1AVTYG6UmJY=/0x0/filters:format(jpeg)/pic192632.jpg,5219,21926,21926,1340,21926,21926,21926,21926,21926,0,0,0,1,0,0,0,0
91,Paths of Glory,gmt game websitethey call great war year titanic struggle ancient europe king emperor tear piece give birth violent modern age bloody battle fight trench western icy plain poland mountain balkan desert arabia shape world know today orphan great warpath glory world war design sixtime charles s roberts awards winner ted raicer allow player step shoe monarchs marshal triumph bungle     central power use advantage interior line fighting skill imperial german army win rightful place sun entente power ally bring great number bear end german militarism ensure war end war player find generalship strategic ability test path glorys innovative game system let recreate dramatic event world war icomponent       fullcolor diecut counter           rdquo die cut counter           rdquo die cut counter          xquot fullcolor mapsheet show europe near east       strategy card      page rule book include sample game replay   page actual rule      player reference card designer ted raicerdeveloper andy lewisart director rodger b macgowanmap art mark simonitchcard amp counter art mark simonitchbgg descriptionfollowe footstep people hannibal rome vs carthage successor firstsecond edition people path glory utilize similar carddriven system   game cover wwi outbreak american intervention span europe middle east   game innovative play fast usually eveningwhile game normal expectation wargame unit crt chart period chrome heart game rest card play   player give hand card play subphase turn   subphase allow use card pass minimal movement unit   card possible use operational movement strategic movement special event replacement point   cardplay force player constantly tough decsion feel need little bit thing time   play card decide large degree outcome war,1999,3.8421,8.05888,7.33726,1.64059,2,2,14.457142857142857,4.0588235294117645,2,['2'],8891,334,2023,646,480,480,480,14,4672,0,4,2,0,0,Book Box (DiceTree),0,https://cf.geekdo-images.com/Ip4TygnwFxuR57Vky9ZeZA__original/img/MP1e5GdDAT-4QO734-n8_rUkMv8=/0x0/filters:format(jpeg)/pic4490515.jpg,173,21926,21926,21926,21926,21926,3,21926,21926,0,0,1,0,0,0,0,0
93,El Grande,awardwinning game player role grande medieval spain   king power flag powerful lord vie control region   end draft caballero knights form colored cube court subsequently board help seize control region   round region score ninth round player point winnerin round select   power card determine turn order number caballero province general supply court personal supplya turn consist select action card allow variation rule additional scoring opportunity addition determine caballero court region board castillo   secretive tower normally place caballero region adjacent contain king pawn hard fast rule el grande king region action card available round allow king new region action card vary round roundthe goal caballero majority region castillo possible scoring round follow scoring castillo place cube stash region secretly indicate region dial region score individually accord table print region twopoint bonus award have sole majority region contain grande large cube region contain king,1995,3.0515,7.74966,7.57836,1.33204,2,5,11.387096774193548,32.87394957983193,5,"['4', '5']",23410,1297,5455,2115,120,60,120,12,24369,0,0,6,0,0,El Grand,0,https://cf.geekdo-images.com/GO282hlXR3RiknU5W4GZjg__original/img/TCTXvYRQGWMAngXuHZcIXRknfpc=/0x0/filters:format(png)/pic5373572.png,82,67,21926,21926,21926,21926,21926,21926,21926,0,1,0,0,0,0,0,0
94,Union Pacific,union pacific traintheme stock market game   turn player choose expand company increase value add share stock hand play stock table hand increase ownership company   semirandom scoring event second place share holder company pay dividend   stock previously play table consider scoring round    union pacific special company share claim accord special rule   union pacific represent board instead pay dividend share holder accord fix progression chart   money track victory condition spend game   winner player money end gamereimplement      airlinesreimplemente      airline europe,1999,2.5508,7.20662,6.71426,1.31981,2,6,10.380952380952381,6.0,4,"['3', '4', '5', '6']",4386,236,615,463,90,90,90,12,4205,0,0,0,2,1,,0,https://cf.geekdo-images.com/69chi17STdg_NfBrM7UpHA__original/img/1iBmXk3GbNmPiTKI_sdv0rakqaI=/0x0/filters:format(jpeg)/pic226392.jpg,730,425,21926,21926,21926,21926,21926,21926,21926,0,1,0,0,0,0,0,0
95,Igel Ärgern,translate literally title mean quothedgehog irkingquot bit loosely quotannoye hedgehogsquot game usually refer english quothedgehog hurryquot game give player wooden disk hedgehog place row   turn roll die optionally hedgehog row leave right hedgehog necessarily row roll forward space   watch black space hedgehog catch nt continue move place   player hedgehog end board win   later version game come dozen different variant game interesting,1990,1.379,6.4098,5.83979,1.34251,2,6,6.285714285714286,341.0,0,[],1142,50,116,124,30,30,30,8,1024,0,2,0,0,0,,0,https://cf.geekdo-images.com/3_qW8pQo3PPY3q7Oze4LTA__original/img/P6m2cH4J7CfkCkvSkfrxU8qQ5cU=/0x0/filters:format(jpeg)/pic309356.jpg,3508,21926,21926,984,21926,21926,21926,21926,21926,0,0,0,1,0,0,0,0
96,Broadsides & Boarding Parties,broadside boarding party title milton bradleys gamemaster series game   light tactical war game age sail ship face sea   basically layer game broadside portion player plot movement deck card attempt maneuver ship way fire volley cannon ball opponent minimize risk return firethe second layer game begin movement ship result bump   instance boarding party portion come play   player line ship attempt storm ship kill oppose captain   player limited unit turn planning require hem oppose captainthe component game elaborate   player give fully detailed plastic ship foot long removable mast   player give crew little plastic pirate figure cannon captain   lastly board color style periodnote edition publish   larry harris jr citadel game system come box similar size games workshop ltd avalon hill game co game   elaborate plastic ship cannon play piece original edition   paper map cardboard counter,1982,1.8298,6.17637,5.64642,1.57046,2,2,8.0,,0,[],1050,154,322,47,60,60,60,10,571,0,1,0,0,0,Gamemaster (Milton Bradley),0,https://cf.geekdo-images.com/92yhg_m_GRgyk4kDHYJHwA__original/img/v61mlN4a095k7QID9KuNl_BduUY=/0x0/filters:format(jpeg)/pic1021646.jpg,6002,21926,21926,21926,865,21926,21926,21926,21926,1,0,0,0,0,0,0,0
97,Conquest of the Empire,conquest empire milton bradleys gamemaster series   set roman empire depict struggle mediterranean rival faction attempt control empire   player play faction receive caesar figure general figure ship specific color   leader player utilize pool generic unit compose infantry cavalry catapult   game piece plastic figuresplayer attempt conquer neighbor build city fortification increase production wealth   player build road network allow fast movement army   way player contend rise inflation make military unit expensive   eventually elimination player pull ahead winreimplemente     eagle gamess conquest empire,1984,2.5244,6.28403,5.75321,1.46694,2,6,12.25,487.5,0,[],1789,46,135,82,240,180,240,10,1023,0,0,0,1,0,Gamemaster (Milton Bradley),0,https://cf.geekdo-images.com/aSc7hgWRp5j9FiIVY3jzLA__original/img/0EIDCfmlc6Dk_0YELMtEzo7C6Ng=/0x0/filters:format(jpeg)/pic901704.jpg,4315,21926,21926,21926,728,21926,1276,21926,21926,1,0,1,0,0,0,0,0
98,Axis & Allies,axis ally successful milton bradleys gamemaster seriesit depict wwii grand scale global level player play different team axis germany japan ally usa united kingdom ussr map world provide break chunk similar risk game come gob plastic miniature represent military unit wwii   player disposal infantry armor fighter bomber battleship aircraft carrier submarine troop transport antiair gun factory unit perform differently special function player work teammate order coordinate offense decide good utilize production point player option risk production resource possibility develop super technology turn tide waraxis ally originally publish nova games reimplemente     axis   ally anniversary edition      axis amp ally global   axis   ally pacific   combine axis   ally europe expand     totally untested volume   maxs advanced rule axis   ally unofficial expansion     conquest pacific unofficial expansion     midway unofficial expansion,1981,3.0394,6.56572,6.29226,1.5768,2,5,11.88,11.571428571428571,2,"['2', '3', '4', '5']",14855,57,374,965,180,180,180,12,10465,0,1,18,4,0,Gamemaster (Milton Bradley),0,https://cf.geekdo-images.com/pWUe-w4DpXdcmH6GqbZqCw__original/img/-mqPeX0oe4pkmLxBNyRt3uGyyf0=/0x0/filters:format(jpeg)/pic24006.jpg,1494,21926,21926,21926,21926,21926,678,21926,21926,0,0,1,0,0,0,0,0
99,Fortress America,fortress america originally milton bradleys gamemaster series depict alternate nearfuture world attack invade continental united states west arrive horde asian foe south arrive union south american country mexico east land come legion soviet take europe america besiege rely remain ground air force leave country partisan uprising defend mom apple pieup player play fortress america player control invade unit particular direction near future scenario unit game include conventional infantry apcs hovertank helicopter bomber partisan unit special quotstar warsquot laser relay system fire spacethe game emphasize combine arm player receive bonus infantry mechanized air power conflict invading country unit receive game give start manage wisely start skeleton defense build game random deck card slowly build star war system long invader delay powerful conventionally defense systemreimplemente     fortress america,1986,2.6434,6.69498,6.15881,1.53047,2,4,11.466666666666667,2.5,4,"['2', '3', '4']",3882,137,407,244,180,180,180,12,2419,0,0,3,1,0,Gamemaster (Milton Bradley),0,https://cf.geekdo-images.com/a6SXt0FvxYqo1wbjyMrc-A__original/img/1bcMiQoTifkLEDP4-jNHnvPmL-Q=/0x0/filters:format(jpeg)/pic3884550.jpg,1905,21926,21926,21926,408,21926,436,21926,21926,1,0,1,0,0,0,0,0
